forecast_id,product_id,region,forecast_date,predicted_demand,confidence_low,confidence_high,social_factor,model_version,explanation,created_at
1,1,Arizona Fab Operations Belt,2026-05-06,478,381,563,1.36,hightech_demo_forecast_v2,Demand volatility forecast for AI Edge Gateway Reference Kit in Arizona Fab Operations Belt.,2026-05-05T16:30:00Z
2,1,Texas Component Logistics Zone,2026-05-07,406,301,536,1.24,hightech_demo_forecast_v2,Demand volatility forecast for AI Edge Gateway Reference Kit in Texas Component Logistics Zone.,2026-05-05T16:30:00Z
3,1,Midwest Contract Manufacturing Cluster,2026-05-08,186,146,248,0.94,hightech_demo_forecast_v2,Demand volatility forecast for AI Edge Gateway Reference Kit in Midwest Contract Manufacturing Cluster.,2026-05-05T16:30:00Z
4,1,Northeast PLM Handoff Corridor,2026-05-09,185,148,219,1.29,hightech_demo_forecast_v2,Demand volatility forecast for AI Edge Gateway Reference Kit in Northeast PLM Handoff Corridor.,2026-05-05T16:30:00Z
5,1,Southeast Quality Response Region,2026-05-10,283,223,339,1.49,hightech_demo_forecast_v2,Demand volatility forecast for AI Edge Gateway Reference Kit in Southeast Quality Response Region.,2026-05-05T16:30:00Z
6,1,Pacific Connected Product Coast,2026-05-11,320,243,392,1.52,hightech_demo_forecast_v2,Demand volatility forecast for AI Edge Gateway Reference Kit in Pacific Connected Product Coast.,2026-05-05T16:30:00Z
7,2,Texas Component Logistics Zone,2026-05-06,518,405,673,0.92,hightech_demo_forecast_v2,Demand volatility forecast for Private 5G Factory Starter Pack in Texas Component Logistics Zone.,2026-05-05T16:30:00Z
8,2,Midwest Contract Manufacturing Cluster,2026-05-07,189,149,252,1.39,hightech_demo_forecast_v2,Demand volatility forecast for Private 5G Factory Starter Pack in Midwest Contract Manufacturing Cluster.,2026-05-05T16:30:00Z
9,2,Northeast PLM Handoff Corridor,2026-05-08,652,483,806,0.85,hightech_demo_forecast_v2,Demand volatility forecast for Private 5G Factory Starter Pack in Northeast PLM Handoff Corridor.,2026-05-05T16:30:00Z
10,2,Southeast Quality Response Region,2026-05-09,693,515,821,1.43,hightech_demo_forecast_v2,Demand volatility forecast for Private 5G Factory Starter Pack in Southeast Quality Response Region.,2026-05-05T16:30:00Z
11,2,Pacific Connected Product Coast,2026-05-10,247,185,295,0.95,hightech_demo_forecast_v2,Demand volatility forecast for Private 5G Factory Starter Pack in Pacific Connected Product Coast.,2026-05-05T16:30:00Z
12,2,Mountain Network Systems Region,2026-05-11,555,441,742,0.91,hightech_demo_forecast_v2,Demand volatility forecast for Private 5G Factory Starter Pack in Mountain Network Systems Region.,2026-05-05T16:30:00Z
13,3,Midwest Contract Manufacturing Cluster,2026-05-06,244,182,310,1.26,hightech_demo_forecast_v2,Demand volatility forecast for Secure Device Fleet Manager in Midwest Contract Manufacturing Cluster.,2026-05-05T16:30:00Z
14,3,Northeast PLM Handoff Corridor,2026-05-07,290,234,351,1.3,hightech_demo_forecast_v2,Demand volatility forecast for Secure Device Fleet Manager in Northeast PLM Handoff Corridor.,2026-05-05T16:30:00Z
15,3,Southeast Quality Response Region,2026-05-08,481,383,617,1.02,hightech_demo_forecast_v2,Demand volatility forecast for Secure Device Fleet Manager in Southeast Quality Response Region.,2026-05-05T16:30:00Z
16,3,Pacific Connected Product Coast,2026-05-09,209,159,266,1.1,hightech_demo_forecast_v2,Demand volatility forecast for Secure Device Fleet Manager in Pacific Connected Product Coast.,2026-05-05T16:30:00Z
17,3,Mountain Network Systems Region,2026-05-10,329,261,437,1.15,hightech_demo_forecast_v2,Demand volatility forecast for Secure Device Fleet Manager in Mountain Network Systems Region.,2026-05-05T16:30:00Z
18,3,Carolinas Field Quality Zone,2026-05-11,641,506,826,0.94,hightech_demo_forecast_v2,Demand volatility forecast for Secure Device Fleet Manager in Carolinas Field Quality Zone.,2026-05-05T16:30:00Z
19,4,Northeast PLM Handoff Corridor,2026-05-06,150,114,183,1.53,hightech_demo_forecast_v2,Demand volatility forecast for Cloud GPU Burst Reservation in Northeast PLM Handoff Corridor.,2026-05-05T16:30:00Z
20,4,Southeast Quality Response Region,2026-05-07,415,326,519,1.39,hightech_demo_forecast_v2,Demand volatility forecast for Cloud GPU Burst Reservation in Southeast Quality Response Region.,2026-05-05T16:30:00Z
21,4,Pacific Connected Product Coast,2026-05-08,442,329,523,1.06,hightech_demo_forecast_v2,Demand volatility forecast for Cloud GPU Burst Reservation in Pacific Connected Product Coast.,2026-05-05T16:30:00Z
22,4,Mountain Network Systems Region,2026-05-09,540,431,663,1.35,hightech_demo_forecast_v2,Demand volatility forecast for Cloud GPU Burst Reservation in Mountain Network Systems Region.,2026-05-05T16:30:00Z
23,4,Carolinas Field Quality Zone,2026-05-10,185,147,228,1.53,hightech_demo_forecast_v2,Demand volatility forecast for Cloud GPU Burst Reservation in Carolinas Field Quality Zone.,2026-05-05T16:30:00Z
24,4,Florida Channel Inventory Region,2026-05-11,647,519,796,1.44,hightech_demo_forecast_v2,Demand volatility forecast for Cloud GPU Burst Reservation in Florida Channel Inventory Region.,2026-05-05T16:30:00Z
25,5,Southeast Quality Response Region,2026-05-06,181,145,229,1.38,hightech_demo_forecast_v2,Demand volatility forecast for Autonomous Test Cell Controller in Southeast Quality Response Region.,2026-05-05T16:30:00Z
26,5,Pacific Connected Product Coast,2026-05-07,233,182,304,1.32,hightech_demo_forecast_v2,Demand volatility forecast for Autonomous Test Cell Controller in Pacific Connected Product Coast.,2026-05-05T16:30:00Z
27,5,Mountain Network Systems Region,2026-05-08,383,302,491,0.88,hightech_demo_forecast_v2,Demand volatility forecast for Autonomous Test Cell Controller in Mountain Network Systems Region.,2026-05-05T16:30:00Z
28,5,Carolinas Field Quality Zone,2026-05-09,231,181,279,1.5,hightech_demo_forecast_v2,Demand volatility forecast for Autonomous Test Cell Controller in Carolinas Field Quality Zone.,2026-05-05T16:30:00Z
29,5,Florida Channel Inventory Region,2026-05-10,457,353,562,0.93,hightech_demo_forecast_v2,Demand volatility forecast for Autonomous Test Cell Controller in Florida Channel Inventory Region.,2026-05-05T16:30:00Z
30,5,New York Support Operations Metro,2026-05-11,252,198,305,0.85,hightech_demo_forecast_v2,Demand volatility forecast for Autonomous Test Cell Controller in New York Support Operations Metro.,2026-05-05T16:30:00Z
31,6,Pacific Connected Product Coast,2026-05-06,239,196,313,1.18,hightech_demo_forecast_v2,Demand volatility forecast for Wafer Start Planning Optimizer in Pacific Connected Product Coast.,2026-05-05T16:30:00Z
32,6,Mountain Network Systems Region,2026-05-07,235,191,302,1.15,hightech_demo_forecast_v2,Demand volatility forecast for Wafer Start Planning Optimizer in Mountain Network Systems Region.,2026-05-05T16:30:00Z
33,6,Carolinas Field Quality Zone,2026-05-08,721,567,877,1.05,hightech_demo_forecast_v2,Demand volatility forecast for Wafer Start Planning Optimizer in Carolinas Field Quality Zone.,2026-05-05T16:30:00Z
34,6,Florida Channel Inventory Region,2026-05-09,686,531,849,1.23,hightech_demo_forecast_v2,Demand volatility forecast for Wafer Start Planning Optimizer in Florida Channel Inventory Region.,2026-05-05T16:30:00Z
35,6,New York Support Operations Metro,2026-05-10,537,416,709,1.23,hightech_demo_forecast_v2,Demand volatility forecast for Wafer Start Planning Optimizer in New York Support Operations Metro.,2026-05-05T16:30:00Z
36,6,Southern California Electronics Port,2026-05-11,678,522,836,1.49,hightech_demo_forecast_v2,Demand volatility forecast for Wafer Start Planning Optimizer in Southern California Electronics Port.,2026-05-05T16:30:00Z
37,7,Mountain Network Systems Region,2026-05-06,714,582,946,1.3,hightech_demo_forecast_v2,Demand volatility forecast for Yield Improvement Analytics Pack in Mountain Network Systems Region.,2026-05-05T16:30:00Z
38,7,Carolinas Field Quality Zone,2026-05-07,386,300,484,1.41,hightech_demo_forecast_v2,Demand volatility forecast for Yield Improvement Analytics Pack in Carolinas Field Quality Zone.,2026-05-05T16:30:00Z
39,7,Florida Channel Inventory Region,2026-05-08,760,595,1003,1.35,hightech_demo_forecast_v2,Demand volatility forecast for Yield Improvement Analytics Pack in Florida Channel Inventory Region.,2026-05-05T16:30:00Z
40,7,New York Support Operations Metro,2026-05-09,429,328,499,1.31,hightech_demo_forecast_v2,Demand volatility forecast for Yield Improvement Analytics Pack in New York Support Operations Metro.,2026-05-05T16:30:00Z
41,7,Southern California Electronics Port,2026-05-10,676,547,870,1.4,hightech_demo_forecast_v2,Demand volatility forecast for Yield Improvement Analytics Pack in Southern California Electronics Port.,2026-05-05T16:30:00Z
42,7,Pacific Northwest Demand Volatility Zone,2026-05-11,450,352,566,0.98,hightech_demo_forecast_v2,Demand volatility forecast for Yield Improvement Analytics Pack in Pacific Northwest Demand Volatility Zone.,2026-05-05T16:30:00Z
43,8,Carolinas Field Quality Zone,2026-05-06,630,510,789,1.21,hightech_demo_forecast_v2,Demand volatility forecast for AI Accelerator Module in Carolinas Field Quality Zone.,2026-05-05T16:30:00Z
44,8,Florida Channel Inventory Region,2026-05-07,661,493,816,1.47,hightech_demo_forecast_v2,Demand volatility forecast for AI Accelerator Module in Florida Channel Inventory Region.,2026-05-05T16:30:00Z
45,8,New York Support Operations Metro,2026-05-08,465,364,619,1.54,hightech_demo_forecast_v2,Demand volatility forecast for AI Accelerator Module in New York Support Operations Metro.,2026-05-05T16:30:00Z
46,8,Southern California Electronics Port,2026-05-09,708,561,823,0.97,hightech_demo_forecast_v2,Demand volatility forecast for AI Accelerator Module in Southern California Electronics Port.,2026-05-05T16:30:00Z
47,8,Pacific Northwest Demand Volatility Zone,2026-05-10,264,213,326,1.49,hightech_demo_forecast_v2,Demand volatility forecast for AI Accelerator Module in Pacific Northwest Demand Volatility Zone.,2026-05-05T16:30:00Z
48,8,Great Lakes Supplier Risk Zone,2026-05-11,251,190,299,1.36,hightech_demo_forecast_v2,Demand volatility forecast for AI Accelerator Module in Great Lakes Supplier Risk Zone.,2026-05-05T16:30:00Z
49,9,Florida Channel Inventory Region,2026-05-06,510,411,627,1.46,hightech_demo_forecast_v2,Demand volatility forecast for Thermal Control Sensor Array in Florida Channel Inventory Region.,2026-05-05T16:30:00Z
50,9,New York Support Operations Metro,2026-05-07,190,146,229,0.99,hightech_demo_forecast_v2,Demand volatility forecast for Thermal Control Sensor Array in New York Support Operations Metro.,2026-05-05T16:30:00Z
51,9,Southern California Electronics Port,2026-05-08,201,161,255,1.22,hightech_demo_forecast_v2,Demand volatility forecast for Thermal Control Sensor Array in Southern California Electronics Port.,2026-05-05T16:30:00Z
52,9,Pacific Northwest Demand Volatility Zone,2026-05-09,218,167,282,0.99,hightech_demo_forecast_v2,Demand volatility forecast for Thermal Control Sensor Array in Pacific Northwest Demand Volatility Zone.,2026-05-05T16:30:00Z
53,9,Great Lakes Supplier Risk Zone,2026-05-10,354,271,411,0.99,hightech_demo_forecast_v2,Demand volatility forecast for Thermal Control Sensor Array in Great Lakes Supplier Risk Zone.,2026-05-05T16:30:00Z
54,9,Gulf Coast Industrial IoT Region,2026-05-11,335,260,435,1.44,hightech_demo_forecast_v2,Demand volatility forecast for Thermal Control Sensor Array in Gulf Coast Industrial IoT Region.,2026-05-05T16:30:00Z
55,10,New York Support Operations Metro,2026-05-06,256,205,321,1.02,hightech_demo_forecast_v2,Demand volatility forecast for Developer Portal Premium Seat in New York Support Operations Metro.,2026-05-05T16:30:00Z
56,10,Southern California Electronics Port,2026-05-07,398,300,467,0.86,hightech_demo_forecast_v2,Demand volatility forecast for Developer Portal Premium Seat in Southern California Electronics Port.,2026-05-05T16:30:00Z
57,10,Pacific Northwest Demand Volatility Zone,2026-05-08,401,302,512,1.15,hightech_demo_forecast_v2,Demand volatility forecast for Developer Portal Premium Seat in Pacific Northwest Demand Volatility Zone.,2026-05-05T16:30:00Z
58,10,Great Lakes Supplier Risk Zone,2026-05-09,427,332,520,1.25,hightech_demo_forecast_v2,Demand volatility forecast for Developer Portal Premium Seat in Great Lakes Supplier Risk Zone.,2026-05-05T16:30:00Z
59,10,Gulf Coast Industrial IoT Region,2026-05-10,97,75,121,1.43,hightech_demo_forecast_v2,Demand volatility forecast for Developer Portal Premium Seat in Gulf Coast Industrial IoT Region.,2026-05-05T16:30:00Z
60,10,Mid-Atlantic Customer Commitment Belt,2026-05-11,135,103,166,1.25,hightech_demo_forecast_v2,Demand volatility forecast for Developer Portal Premium Seat in Mid-Atlantic Customer Commitment Belt.,2026-05-05T16:30:00Z
61,11,Southern California Electronics Port,2026-05-06,410,307,541,0.93,hightech_demo_forecast_v2,Demand volatility forecast for Digital Thread PLM Connector in Southern California Electronics Port.,2026-05-05T16:30:00Z
62,11,Pacific Northwest Demand Volatility Zone,2026-05-07,106,87,126,1.21,hightech_demo_forecast_v2,Demand volatility forecast for Digital Thread PLM Connector in Pacific Northwest Demand Volatility Zone.,2026-05-05T16:30:00Z
63,11,Great Lakes Supplier Risk Zone,2026-05-08,715,543,942,1.39,hightech_demo_forecast_v2,Demand volatility forecast for Digital Thread PLM Connector in Great Lakes Supplier Risk Zone.,2026-05-05T16:30:00Z
64,11,Gulf Coast Industrial IoT Region,2026-05-09,709,575,926,1.43,hightech_demo_forecast_v2,Demand volatility forecast for Digital Thread PLM Connector in Gulf Coast Industrial IoT Region.,2026-05-05T16:30:00Z
65,11,Mid-Atlantic Customer Commitment Belt,2026-05-10,489,388,646,1.18,hightech_demo_forecast_v2,Demand volatility forecast for Digital Thread PLM Connector in Mid-Atlantic Customer Commitment Belt.,2026-05-05T16:30:00Z
66,11,Rocky Mountain Edge Systems Zone,2026-05-11,522,412,637,1.05,hightech_demo_forecast_v2,Demand volatility forecast for Digital Thread PLM Connector in Rocky Mountain Edge Systems Zone.,2026-05-05T16:30:00Z
67,12,Pacific Northwest Demand Volatility Zone,2026-05-06,452,352,590,1.37,hightech_demo_forecast_v2,Demand volatility forecast for BOM Risk Reconciliation Service in Pacific Northwest Demand Volatility Zone.,2026-05-05T16:30:00Z
68,12,Great Lakes Supplier Risk Zone,2026-05-07,184,144,236,0.86,hightech_demo_forecast_v2,Demand volatility forecast for BOM Risk Reconciliation Service in Great Lakes Supplier Risk Zone.,2026-05-05T16:30:00Z
69,12,Gulf Coast Industrial IoT Region,2026-05-08,118,90,155,0.97,hightech_demo_forecast_v2,Demand volatility forecast for BOM Risk Reconciliation Service in Gulf Coast Industrial IoT Region.,2026-05-05T16:30:00Z
70,12,Mid-Atlantic Customer Commitment Belt,2026-05-09,370,296,474,0.89,hightech_demo_forecast_v2,Demand volatility forecast for BOM Risk Reconciliation Service in Mid-Atlantic Customer Commitment Belt.,2026-05-05T16:30:00Z
71,12,Rocky Mountain Edge Systems Zone,2026-05-10,430,346,533,0.93,hightech_demo_forecast_v2,Demand volatility forecast for BOM Risk Reconciliation Service in Rocky Mountain Edge Systems Zone.,2026-05-05T16:30:00Z
72,12,Central Plains Capacity Planning Region,2026-05-11,637,512,852,1.48,hightech_demo_forecast_v2,Demand volatility forecast for BOM Risk Reconciliation Service in Central Plains Capacity Planning Region.,2026-05-05T16:30:00Z
73,13,Great Lakes Supplier Risk Zone,2026-05-06,223,167,279,1.25,hightech_demo_forecast_v2,Demand volatility forecast for Engineering Change Order Copilot in Great Lakes Supplier Risk Zone.,2026-05-05T16:30:00Z
74,13,Gulf Coast Industrial IoT Region,2026-05-07,376,288,475,1.23,hightech_demo_forecast_v2,Demand volatility forecast for Engineering Change Order Copilot in Gulf Coast Industrial IoT Region.,2026-05-05T16:30:00Z
75,13,Mid-Atlantic Customer Commitment Belt,2026-05-08,400,327,478,1.44,hightech_demo_forecast_v2,Demand volatility forecast for Engineering Change Order Copilot in Mid-Atlantic Customer Commitment Belt.,2026-05-05T16:30:00Z
76,13,Rocky Mountain Edge Systems Zone,2026-05-09,282,221,349,1.36,hightech_demo_forecast_v2,Demand volatility forecast for Engineering Change Order Copilot in Rocky Mountain Edge Systems Zone.,2026-05-05T16:30:00Z
77,13,Central Plains Capacity Planning Region,2026-05-10,186,148,226,0.93,hightech_demo_forecast_v2,Demand volatility forecast for Engineering Change Order Copilot in Central Plains Capacity Planning Region.,2026-05-05T16:30:00Z
78,13,Tennessee Valley Assembly Region,2026-05-11,586,443,719,1.38,hightech_demo_forecast_v2,Demand volatility forecast for Engineering Change Order Copilot in Tennessee Valley Assembly Region.,2026-05-05T16:30:00Z
79,14,Gulf Coast Industrial IoT Region,2026-05-06,592,455,754,1.36,hightech_demo_forecast_v2,Demand volatility forecast for NPI Launch Readiness Board in Gulf Coast Industrial IoT Region.,2026-05-05T16:30:00Z
80,14,Mid-Atlantic Customer Commitment Belt,2026-05-07,536,429,688,0.86,hightech_demo_forecast_v2,Demand volatility forecast for NPI Launch Readiness Board in Mid-Atlantic Customer Commitment Belt.,2026-05-05T16:30:00Z
81,14,Rocky Mountain Edge Systems Zone,2026-05-08,317,257,413,1.4,hightech_demo_forecast_v2,Demand volatility forecast for NPI Launch Readiness Board in Rocky Mountain Edge Systems Zone.,2026-05-05T16:30:00Z
82,14,Central Plains Capacity Planning Region,2026-05-09,367,283,478,1.02,hightech_demo_forecast_v2,Demand volatility forecast for NPI Launch Readiness Board in Central Plains Capacity Planning Region.,2026-05-05T16:30:00Z
83,14,Tennessee Valley Assembly Region,2026-05-10,471,358,624,1.1,hightech_demo_forecast_v2,Demand volatility forecast for NPI Launch Readiness Board in Tennessee Valley Assembly Region.,2026-05-05T16:30:00Z
84,14,New England Warranty Analytics Corridor,2026-05-11,643,514,846,1.53,hightech_demo_forecast_v2,Demand volatility forecast for NPI Launch Readiness Board in New England Warranty Analytics Corridor.,2026-05-05T16:30:00Z
85,15,Mid-Atlantic Customer Commitment Belt,2026-05-06,407,331,477,1.46,hightech_demo_forecast_v2,Demand volatility forecast for Supplier Shortage Radar in Mid-Atlantic Customer Commitment Belt.,2026-05-05T16:30:00Z
86,15,Rocky Mountain Edge Systems Zone,2026-05-07,563,449,711,1.2,hightech_demo_forecast_v2,Demand volatility forecast for Supplier Shortage Radar in Rocky Mountain Edge Systems Zone.,2026-05-05T16:30:00Z
87,15,Central Plains Capacity Planning Region,2026-05-08,225,168,264,1.43,hightech_demo_forecast_v2,Demand volatility forecast for Supplier Shortage Radar in Central Plains Capacity Planning Region.,2026-05-05T16:30:00Z
88,15,Tennessee Valley Assembly Region,2026-05-09,545,411,670,1.14,hightech_demo_forecast_v2,Demand volatility forecast for Supplier Shortage Radar in Tennessee Valley Assembly Region.,2026-05-05T16:30:00Z
89,15,New England Warranty Analytics Corridor,2026-05-10,696,544,920,1.42,hightech_demo_forecast_v2,Demand volatility forecast for Supplier Shortage Radar in New England Warranty Analytics Corridor.,2026-05-05T16:30:00Z
90,15,Silicon Valley AI Systems Corridor,2026-05-11,268,209,349,1.09,hightech_demo_forecast_v2,Demand volatility forecast for Supplier Shortage Radar in Silicon Valley AI Systems Corridor.,2026-05-05T16:30:00Z
91,16,Rocky Mountain Edge Systems Zone,2026-05-06,449,359,527,1.36,hightech_demo_forecast_v2,Demand volatility forecast for Component Allocation Optimizer in Rocky Mountain Edge Systems Zone.,2026-05-05T16:30:00Z
92,16,Central Plains Capacity Planning Region,2026-05-07,584,465,772,1.25,hightech_demo_forecast_v2,Demand volatility forecast for Component Allocation Optimizer in Central Plains Capacity Planning Region.,2026-05-05T16:30:00Z
93,16,Tennessee Valley Assembly Region,2026-05-08,124,100,146,1.15,hightech_demo_forecast_v2,Demand volatility forecast for Component Allocation Optimizer in Tennessee Valley Assembly Region.,2026-05-05T16:30:00Z
94,16,New England Warranty Analytics Corridor,2026-05-09,250,202,299,0.85,hightech_demo_forecast_v2,Demand volatility forecast for Component Allocation Optimizer in New England Warranty Analytics Corridor.,2026-05-05T16:30:00Z
95,16,Silicon Valley AI Systems Corridor,2026-05-10,361,278,479,1.25,hightech_demo_forecast_v2,Demand volatility forecast for Component Allocation Optimizer in Silicon Valley AI Systems Corridor.,2026-05-05T16:30:00Z
96,16,Arizona Fab Operations Belt,2026-05-11,515,381,678,1.3,hightech_demo_forecast_v2,Demand volatility forecast for Component Allocation Optimizer in Arizona Fab Operations Belt.,2026-05-05T16:30:00Z
97,17,Central Plains Capacity Planning Region,2026-05-06,379,287,446,1.4,hightech_demo_forecast_v2,Demand volatility forecast for Rugged Sensor Replacement Kit in Central Plains Capacity Planning Region.,2026-05-05T16:30:00Z
98,17,Tennessee Valley Assembly Region,2026-05-07,391,305,494,1.2,hightech_demo_forecast_v2,Demand volatility forecast for Rugged Sensor Replacement Kit in Tennessee Valley Assembly Region.,2026-05-05T16:30:00Z
99,17,New England Warranty Analytics Corridor,2026-05-08,278,209,372,1.39,hightech_demo_forecast_v2,Demand volatility forecast for Rugged Sensor Replacement Kit in New England Warranty Analytics Corridor.,2026-05-05T16:30:00Z
100,17,Silicon Valley AI Systems Corridor,2026-05-09,367,289,471,1.03,hightech_demo_forecast_v2,Demand volatility forecast for Rugged Sensor Replacement Kit in Silicon Valley AI Systems Corridor.,2026-05-05T16:30:00Z
101,17,Arizona Fab Operations Belt,2026-05-10,434,351,506,0.89,hightech_demo_forecast_v2,Demand volatility forecast for Rugged Sensor Replacement Kit in Arizona Fab Operations Belt.,2026-05-05T16:30:00Z
102,17,Texas Component Logistics Zone,2026-05-11,484,386,571,1.16,hightech_demo_forecast_v2,Demand volatility forecast for Rugged Sensor Replacement Kit in Texas Component Logistics Zone.,2026-05-05T16:30:00Z
103,18,Tennessee Valley Assembly Region,2026-05-06,707,529,914,0.96,hightech_demo_forecast_v2,Demand volatility forecast for Warranty Escape Detector in Tennessee Valley Assembly Region.,2026-05-05T16:30:00Z
104,18,New England Warranty Analytics Corridor,2026-05-07,596,458,694,1.15,hightech_demo_forecast_v2,Demand volatility forecast for Warranty Escape Detector in New England Warranty Analytics Corridor.,2026-05-05T16:30:00Z
105,18,Silicon Valley AI Systems Corridor,2026-05-08,562,456,751,1.18,hightech_demo_forecast_v2,Demand volatility forecast for Warranty Escape Detector in Silicon Valley AI Systems Corridor.,2026-05-05T16:30:00Z
106,18,Arizona Fab Operations Belt,2026-05-09,540,431,698,1.31,hightech_demo_forecast_v2,Demand volatility forecast for Warranty Escape Detector in Arizona Fab Operations Belt.,2026-05-05T16:30:00Z
107,18,Texas Component Logistics Zone,2026-05-10,367,279,472,1.16,hightech_demo_forecast_v2,Demand volatility forecast for Warranty Escape Detector in Texas Component Logistics Zone.,2026-05-05T16:30:00Z
108,18,Midwest Contract Manufacturing Cluster,2026-05-11,456,371,561,1.33,hightech_demo_forecast_v2,Demand volatility forecast for Warranty Escape Detector in Midwest Contract Manufacturing Cluster.,2026-05-05T16:30:00Z
109,19,New England Warranty Analytics Corridor,2026-05-06,118,91,158,1.16,hightech_demo_forecast_v2,Demand volatility forecast for Connected Product Quality Monitor in New England Warranty Analytics Corridor.,2026-05-05T16:30:00Z
110,19,Silicon Valley AI Systems Corridor,2026-05-07,465,374,543,0.88,hightech_demo_forecast_v2,Demand volatility forecast for Connected Product Quality Monitor in Silicon Valley AI Systems Corridor.,2026-05-05T16:30:00Z
111,19,Arizona Fab Operations Belt,2026-05-08,208,157,272,1.28,hightech_demo_forecast_v2,Demand volatility forecast for Connected Product Quality Monitor in Arizona Fab Operations Belt.,2026-05-05T16:30:00Z
112,19,Texas Component Logistics Zone,2026-05-09,552,438,669,1.5,hightech_demo_forecast_v2,Demand volatility forecast for Connected Product Quality Monitor in Texas Component Logistics Zone.,2026-05-05T16:30:00Z
113,19,Midwest Contract Manufacturing Cluster,2026-05-10,401,302,490,1.01,hightech_demo_forecast_v2,Demand volatility forecast for Connected Product Quality Monitor in Midwest Contract Manufacturing Cluster.,2026-05-05T16:30:00Z
114,19,Northeast PLM Handoff Corridor,2026-05-11,128,97,164,1.45,hightech_demo_forecast_v2,Demand volatility forecast for Connected Product Quality Monitor in Northeast PLM Handoff Corridor.,2026-05-05T16:30:00Z
115,20,Silicon Valley AI Systems Corridor,2026-05-06,516,420,683,1.27,hightech_demo_forecast_v2,Demand volatility forecast for Optical Module Test Kit in Silicon Valley AI Systems Corridor.,2026-05-05T16:30:00Z
116,20,Arizona Fab Operations Belt,2026-05-07,212,160,250,1.38,hightech_demo_forecast_v2,Demand volatility forecast for Optical Module Test Kit in Arizona Fab Operations Belt.,2026-05-05T16:30:00Z
117,20,Texas Component Logistics Zone,2026-05-08,488,393,627,1.51,hightech_demo_forecast_v2,Demand volatility forecast for Optical Module Test Kit in Texas Component Logistics Zone.,2026-05-05T16:30:00Z
118,20,Midwest Contract Manufacturing Cluster,2026-05-09,528,418,628,1.43,hightech_demo_forecast_v2,Demand volatility forecast for Optical Module Test Kit in Midwest Contract Manufacturing Cluster.,2026-05-05T16:30:00Z
119,20,Northeast PLM Handoff Corridor,2026-05-10,651,519,818,1.28,hightech_demo_forecast_v2,Demand volatility forecast for Optical Module Test Kit in Northeast PLM Handoff Corridor.,2026-05-05T16:30:00Z
120,20,Southeast Quality Response Region,2026-05-11,366,287,433,1.28,hightech_demo_forecast_v2,Demand volatility forecast for Optical Module Test Kit in Southeast Quality Response Region.,2026-05-05T16:30:00Z
121,21,Arizona Fab Operations Belt,2026-05-06,217,165,268,0.97,hightech_demo_forecast_v2,Demand volatility forecast for Supply Chain Control Tower Seat in Arizona Fab Operations Belt.,2026-05-05T16:30:00Z
122,21,Texas Component Logistics Zone,2026-05-07,578,457,762,1.43,hightech_demo_forecast_v2,Demand volatility forecast for Supply Chain Control Tower Seat in Texas Component Logistics Zone.,2026-05-05T16:30:00Z
123,21,Midwest Contract Manufacturing Cluster,2026-05-08,190,151,229,1.15,hightech_demo_forecast_v2,Demand volatility forecast for Supply Chain Control Tower Seat in Midwest Contract Manufacturing Cluster.,2026-05-05T16:30:00Z
124,21,Northeast PLM Handoff Corridor,2026-05-09,297,226,365,1.03,hightech_demo_forecast_v2,Demand volatility forecast for Supply Chain Control Tower Seat in Northeast PLM Handoff Corridor.,2026-05-05T16:30:00Z
125,21,Southeast Quality Response Region,2026-05-10,210,168,279,1.39,hightech_demo_forecast_v2,Demand volatility forecast for Supply Chain Control Tower Seat in Southeast Quality Response Region.,2026-05-05T16:30:00Z
126,21,Pacific Connected Product Coast,2026-05-11,374,283,437,1.12,hightech_demo_forecast_v2,Demand volatility forecast for Supply Chain Control Tower Seat in Pacific Connected Product Coast.,2026-05-05T16:30:00Z
127,22,Texas Component Logistics Zone,2026-05-06,646,494,794,1.25,hightech_demo_forecast_v2,Demand volatility forecast for Contract Manufacturing Capacity Pack in Texas Component Logistics Zone.,2026-05-05T16:30:00Z
128,22,Midwest Contract Manufacturing Cluster,2026-05-07,345,258,421,0.91,hightech_demo_forecast_v2,Demand volatility forecast for Contract Manufacturing Capacity Pack in Midwest Contract Manufacturing Cluster.,2026-05-05T16:30:00Z
129,22,Northeast PLM Handoff Corridor,2026-05-08,453,364,532,0.95,hightech_demo_forecast_v2,Demand volatility forecast for Contract Manufacturing Capacity Pack in Northeast PLM Handoff Corridor.,2026-05-05T16:30:00Z
130,22,Southeast Quality Response Region,2026-05-09,208,156,264,1.12,hightech_demo_forecast_v2,Demand volatility forecast for Contract Manufacturing Capacity Pack in Southeast Quality Response Region.,2026-05-05T16:30:00Z
131,22,Pacific Connected Product Coast,2026-05-10,338,270,441,1.55,hightech_demo_forecast_v2,Demand volatility forecast for Contract Manufacturing Capacity Pack in Pacific Connected Product Coast.,2026-05-05T16:30:00Z
132,22,Mountain Network Systems Region,2026-05-11,613,468,761,1.52,hightech_demo_forecast_v2,Demand volatility forecast for Contract Manufacturing Capacity Pack in Mountain Network Systems Region.,2026-05-05T16:30:00Z
133,23,Midwest Contract Manufacturing Cluster,2026-05-06,703,532,851,1.47,hightech_demo_forecast_v2,Demand volatility forecast for Order Promising Risk Service in Midwest Contract Manufacturing Cluster.,2026-05-05T16:30:00Z
134,23,Northeast PLM Handoff Corridor,2026-05-07,696,540,882,1.43,hightech_demo_forecast_v2,Demand volatility forecast for Order Promising Risk Service in Northeast PLM Handoff Corridor.,2026-05-05T16:30:00Z
135,23,Southeast Quality Response Region,2026-05-08,146,116,190,0.88,hightech_demo_forecast_v2,Demand volatility forecast for Order Promising Risk Service in Southeast Quality Response Region.,2026-05-05T16:30:00Z
136,23,Pacific Connected Product Coast,2026-05-09,272,207,361,1.39,hightech_demo_forecast_v2,Demand volatility forecast for Order Promising Risk Service in Pacific Connected Product Coast.,2026-05-05T16:30:00Z
137,23,Mountain Network Systems Region,2026-05-10,133,105,157,1.13,hightech_demo_forecast_v2,Demand volatility forecast for Order Promising Risk Service in Mountain Network Systems Region.,2026-05-05T16:30:00Z
138,23,Carolinas Field Quality Zone,2026-05-11,200,148,259,1.43,hightech_demo_forecast_v2,Demand volatility forecast for Order Promising Risk Service in Carolinas Field Quality Zone.,2026-05-05T16:30:00Z
139,24,Northeast PLM Handoff Corridor,2026-05-06,465,378,552,0.88,hightech_demo_forecast_v2,Demand volatility forecast for Customer Commitment Console in Northeast PLM Handoff Corridor.,2026-05-05T16:30:00Z
140,24,Southeast Quality Response Region,2026-05-07,124,96,145,1.08,hightech_demo_forecast_v2,Demand volatility forecast for Customer Commitment Console in Southeast Quality Response Region.,2026-05-05T16:30:00Z
141,24,Pacific Connected Product Coast,2026-05-08,503,380,662,0.98,hightech_demo_forecast_v2,Demand volatility forecast for Customer Commitment Console in Pacific Connected Product Coast.,2026-05-05T16:30:00Z
142,24,Mountain Network Systems Region,2026-05-09,134,103,174,0.94,hightech_demo_forecast_v2,Demand volatility forecast for Customer Commitment Console in Mountain Network Systems Region.,2026-05-05T16:30:00Z
143,24,Carolinas Field Quality Zone,2026-05-10,609,463,763,1.53,hightech_demo_forecast_v2,Demand volatility forecast for Customer Commitment Console in Carolinas Field Quality Zone.,2026-05-05T16:30:00Z
144,24,Florida Channel Inventory Region,2026-05-11,666,496,843,0.9,hightech_demo_forecast_v2,Demand volatility forecast for Customer Commitment Console in Florida Channel Inventory Region.,2026-05-05T16:30:00Z
145,25,Southeast Quality Response Region,2026-05-06,361,294,451,1.29,hightech_demo_forecast_v2,Demand volatility forecast for Field Quality Case Bundle in Southeast Quality Response Region.,2026-05-05T16:30:00Z
146,25,Pacific Connected Product Coast,2026-05-07,676,501,839,1.39,hightech_demo_forecast_v2,Demand volatility forecast for Field Quality Case Bundle in Pacific Connected Product Coast.,2026-05-05T16:30:00Z
147,25,Mountain Network Systems Region,2026-05-08,470,357,569,1.17,hightech_demo_forecast_v2,Demand volatility forecast for Field Quality Case Bundle in Mountain Network Systems Region.,2026-05-05T16:30:00Z
148,25,Carolinas Field Quality Zone,2026-05-09,402,323,532,1.35,hightech_demo_forecast_v2,Demand volatility forecast for Field Quality Case Bundle in Carolinas Field Quality Zone.,2026-05-05T16:30:00Z
149,25,Florida Channel Inventory Region,2026-05-10,576,428,741,1.05,hightech_demo_forecast_v2,Demand volatility forecast for Field Quality Case Bundle in Florida Channel Inventory Region.,2026-05-05T16:30:00Z
150,25,New York Support Operations Metro,2026-05-11,615,497,801,1.53,hightech_demo_forecast_v2,Demand volatility forecast for Field Quality Case Bundle in New York Support Operations Metro.,2026-05-05T16:30:00Z
151,26,Pacific Connected Product Coast,2026-05-06,250,194,310,1.07,hightech_demo_forecast_v2,Demand volatility forecast for Connected Product Support Entitlement in Pacific Connected Product Coast.,2026-05-05T16:30:00Z
152,26,Mountain Network Systems Region,2026-05-07,239,191,311,1.08,hightech_demo_forecast_v2,Demand volatility forecast for Connected Product Support Entitlement in Mountain Network Systems Region.,2026-05-05T16:30:00Z
153,26,Carolinas Field Quality Zone,2026-05-08,426,317,566,1.4,hightech_demo_forecast_v2,Demand volatility forecast for Connected Product Support Entitlement in Carolinas Field Quality Zone.,2026-05-05T16:30:00Z
154,26,Florida Channel Inventory Region,2026-05-09,230,181,299,1.07,hightech_demo_forecast_v2,Demand volatility forecast for Connected Product Support Entitlement in Florida Channel Inventory Region.,2026-05-05T16:30:00Z
155,26,New York Support Operations Metro,2026-05-10,596,445,735,1.23,hightech_demo_forecast_v2,Demand volatility forecast for Connected Product Support Entitlement in New York Support Operations Metro.,2026-05-05T16:30:00Z
156,26,Southern California Electronics Port,2026-05-11,478,376,592,1.54,hightech_demo_forecast_v2,Demand volatility forecast for Connected Product Support Entitlement in Southern California Electronics Port.,2026-05-05T16:30:00Z
157,27,Mountain Network Systems Region,2026-05-06,442,328,517,0.86,hightech_demo_forecast_v2,Demand volatility forecast for Fab Queue Digital Twin in Mountain Network Systems Region.,2026-05-05T16:30:00Z
158,27,Carolinas Field Quality Zone,2026-05-07,236,175,316,1.16,hightech_demo_forecast_v2,Demand volatility forecast for Fab Queue Digital Twin in Carolinas Field Quality Zone.,2026-05-05T16:30:00Z
159,27,Florida Channel Inventory Region,2026-05-08,256,195,326,1.53,hightech_demo_forecast_v2,Demand volatility forecast for Fab Queue Digital Twin in Florida Channel Inventory Region.,2026-05-05T16:30:00Z
160,27,New York Support Operations Metro,2026-05-09,401,313,499,1.13,hightech_demo_forecast_v2,Demand volatility forecast for Fab Queue Digital Twin in New York Support Operations Metro.,2026-05-05T16:30:00Z
161,27,Southern California Electronics Port,2026-05-10,781,581,1046,0.93,hightech_demo_forecast_v2,Demand volatility forecast for Fab Queue Digital Twin in Southern California Electronics Port.,2026-05-05T16:30:00Z
162,27,Pacific Northwest Demand Volatility Zone,2026-05-11,703,547,852,1.06,hightech_demo_forecast_v2,Demand volatility forecast for Fab Queue Digital Twin in Pacific Northwest Demand Volatility Zone.,2026-05-05T16:30:00Z
163,28,Carolinas Field Quality Zone,2026-05-06,195,156,245,1.42,hightech_demo_forecast_v2,Demand volatility forecast for Lithography Throughput Analyzer in Carolinas Field Quality Zone.,2026-05-05T16:30:00Z
164,28,Florida Channel Inventory Region,2026-05-07,375,306,473,0.96,hightech_demo_forecast_v2,Demand volatility forecast for Lithography Throughput Analyzer in Florida Channel Inventory Region.,2026-05-05T16:30:00Z
165,28,New York Support Operations Metro,2026-05-08,763,591,997,1.48,hightech_demo_forecast_v2,Demand volatility forecast for Lithography Throughput Analyzer in New York Support Operations Metro.,2026-05-05T16:30:00Z
166,28,Southern California Electronics Port,2026-05-09,702,523,904,1.53,hightech_demo_forecast_v2,Demand volatility forecast for Lithography Throughput Analyzer in Southern California Electronics Port.,2026-05-05T16:30:00Z
167,28,Pacific Northwest Demand Volatility Zone,2026-05-10,366,290,442,0.95,hightech_demo_forecast_v2,Demand volatility forecast for Lithography Throughput Analyzer in Pacific Northwest Demand Volatility Zone.,2026-05-05T16:30:00Z
168,28,Great Lakes Supplier Risk Zone,2026-05-11,215,164,270,0.86,hightech_demo_forecast_v2,Demand volatility forecast for Lithography Throughput Analyzer in Great Lakes Supplier Risk Zone.,2026-05-05T16:30:00Z
169,29,Florida Channel Inventory Region,2026-05-06,93,75,109,1.16,hightech_demo_forecast_v2,Demand volatility forecast for Assembly Line Traceability Tag in Florida Channel Inventory Region.,2026-05-05T16:30:00Z
170,29,New York Support Operations Metro,2026-05-07,315,236,392,0.99,hightech_demo_forecast_v2,Demand volatility forecast for Assembly Line Traceability Tag in New York Support Operations Metro.,2026-05-05T16:30:00Z
171,29,Southern California Electronics Port,2026-05-08,303,235,381,1.51,hightech_demo_forecast_v2,Demand volatility forecast for Assembly Line Traceability Tag in Southern California Electronics Port.,2026-05-05T16:30:00Z
172,29,Pacific Northwest Demand Volatility Zone,2026-05-09,451,348,579,1.14,hightech_demo_forecast_v2,Demand volatility forecast for Assembly Line Traceability Tag in Pacific Northwest Demand Volatility Zone.,2026-05-05T16:30:00Z
173,29,Great Lakes Supplier Risk Zone,2026-05-10,437,353,531,1.38,hightech_demo_forecast_v2,Demand volatility forecast for Assembly Line Traceability Tag in Great Lakes Supplier Risk Zone.,2026-05-05T16:30:00Z
174,29,Gulf Coast Industrial IoT Region,2026-05-11,174,137,225,1.34,hightech_demo_forecast_v2,Demand volatility forecast for Assembly Line Traceability Tag in Gulf Coast Industrial IoT Region.,2026-05-05T16:30:00Z
175,30,New York Support Operations Metro,2026-05-06,216,168,273,1.39,hightech_demo_forecast_v2,Demand volatility forecast for Contract Manufacturer Scorecard in New York Support Operations Metro.,2026-05-05T16:30:00Z
176,30,Southern California Electronics Port,2026-05-07,264,198,319,1.41,hightech_demo_forecast_v2,Demand volatility forecast for Contract Manufacturer Scorecard in Southern California Electronics Port.,2026-05-05T16:30:00Z
177,30,Pacific Northwest Demand Volatility Zone,2026-05-08,595,474,771,1.37,hightech_demo_forecast_v2,Demand volatility forecast for Contract Manufacturer Scorecard in Pacific Northwest Demand Volatility Zone.,2026-05-05T16:30:00Z
178,30,Great Lakes Supplier Risk Zone,2026-05-09,422,316,503,0.86,hightech_demo_forecast_v2,Demand volatility forecast for Contract Manufacturer Scorecard in Great Lakes Supplier Risk Zone.,2026-05-05T16:30:00Z
179,30,Gulf Coast Industrial IoT Region,2026-05-10,378,298,468,1.19,hightech_demo_forecast_v2,Demand volatility forecast for Contract Manufacturer Scorecard in Gulf Coast Industrial IoT Region.,2026-05-05T16:30:00Z
180,30,Mid-Atlantic Customer Commitment Belt,2026-05-11,603,492,702,1.41,hightech_demo_forecast_v2,Demand volatility forecast for Contract Manufacturer Scorecard in Mid-Atlantic Customer Commitment Belt.,2026-05-05T16:30:00Z
181,31,Southern California Electronics Port,2026-05-06,99,78,131,1.13,hightech_demo_forecast_v2,Demand volatility forecast for Channel Inventory Signal Pack in Southern California Electronics Port.,2026-05-05T16:30:00Z
182,31,Pacific Northwest Demand Volatility Zone,2026-05-07,377,281,450,1.3,hightech_demo_forecast_v2,Demand volatility forecast for Channel Inventory Signal Pack in Pacific Northwest Demand Volatility Zone.,2026-05-05T16:30:00Z
183,31,Great Lakes Supplier Risk Zone,2026-05-08,481,369,644,0.9,hightech_demo_forecast_v2,Demand volatility forecast for Channel Inventory Signal Pack in Great Lakes Supplier Risk Zone.,2026-05-05T16:30:00Z
184,31,Gulf Coast Industrial IoT Region,2026-05-09,498,386,654,1.52,hightech_demo_forecast_v2,Demand volatility forecast for Channel Inventory Signal Pack in Gulf Coast Industrial IoT Region.,2026-05-05T16:30:00Z
185,31,Mid-Atlantic Customer Commitment Belt,2026-05-10,305,228,386,1.52,hightech_demo_forecast_v2,Demand volatility forecast for Channel Inventory Signal Pack in Mid-Atlantic Customer Commitment Belt.,2026-05-05T16:30:00Z
186,31,Rocky Mountain Edge Systems Zone,2026-05-11,170,136,215,1.11,hightech_demo_forecast_v2,Demand volatility forecast for Channel Inventory Signal Pack in Rocky Mountain Edge Systems Zone.,2026-05-05T16:30:00Z
187,32,Pacific Northwest Demand Volatility Zone,2026-05-06,602,447,700,1.26,hightech_demo_forecast_v2,Demand volatility forecast for Demand Volatility Forecast Pack in Pacific Northwest Demand Volatility Zone.,2026-05-05T16:30:00Z
188,32,Great Lakes Supplier Risk Zone,2026-05-07,307,236,406,1.47,hightech_demo_forecast_v2,Demand volatility forecast for Demand Volatility Forecast Pack in Great Lakes Supplier Risk Zone.,2026-05-05T16:30:00Z
189,32,Gulf Coast Industrial IoT Region,2026-05-08,490,375,611,1.4,hightech_demo_forecast_v2,Demand volatility forecast for Demand Volatility Forecast Pack in Gulf Coast Industrial IoT Region.,2026-05-05T16:30:00Z
190,32,Mid-Atlantic Customer Commitment Belt,2026-05-09,479,355,585,1.34,hightech_demo_forecast_v2,Demand volatility forecast for Demand Volatility Forecast Pack in Mid-Atlantic Customer Commitment Belt.,2026-05-05T16:30:00Z
191,32,Rocky Mountain Edge Systems Zone,2026-05-10,251,202,295,1.47,hightech_demo_forecast_v2,Demand volatility forecast for Demand Volatility Forecast Pack in Rocky Mountain Edge Systems Zone.,2026-05-05T16:30:00Z
192,32,Central Plains Capacity Planning Region,2026-05-11,614,480,774,1.13,hightech_demo_forecast_v2,Demand volatility forecast for Demand Volatility Forecast Pack in Central Plains Capacity Planning Region.,2026-05-05T16:30:00Z
193,33,Great Lakes Supplier Risk Zone,2026-05-06,210,159,247,1.31,hightech_demo_forecast_v2,Demand volatility forecast for Silicon Lot Genealogy Viewer in Great Lakes Supplier Risk Zone.,2026-05-05T16:30:00Z
194,33,Gulf Coast Industrial IoT Region,2026-05-07,321,242,398,1.32,hightech_demo_forecast_v2,Demand volatility forecast for Silicon Lot Genealogy Viewer in Gulf Coast Industrial IoT Region.,2026-05-05T16:30:00Z
195,33,Mid-Atlantic Customer Commitment Belt,2026-05-08,527,394,616,1.31,hightech_demo_forecast_v2,Demand volatility forecast for Silicon Lot Genealogy Viewer in Mid-Atlantic Customer Commitment Belt.,2026-05-05T16:30:00Z
196,33,Rocky Mountain Edge Systems Zone,2026-05-09,569,457,739,1.27,hightech_demo_forecast_v2,Demand volatility forecast for Silicon Lot Genealogy Viewer in Rocky Mountain Edge Systems Zone.,2026-05-05T16:30:00Z
197,33,Central Plains Capacity Planning Region,2026-05-10,130,97,171,1.52,hightech_demo_forecast_v2,Demand volatility forecast for Silicon Lot Genealogy Viewer in Central Plains Capacity Planning Region.,2026-05-05T16:30:00Z
198,33,Tennessee Valley Assembly Region,2026-05-11,202,153,242,1.32,hightech_demo_forecast_v2,Demand volatility forecast for Silicon Lot Genealogy Viewer in Tennessee Valley Assembly Region.,2026-05-05T16:30:00Z
199,34,Gulf Coast Industrial IoT Region,2026-05-06,323,262,432,1.52,hightech_demo_forecast_v2,Demand volatility forecast for Wafer Probe Exception Detector in Gulf Coast Industrial IoT Region.,2026-05-05T16:30:00Z
200,34,Mid-Atlantic Customer Commitment Belt,2026-05-07,520,423,620,0.92,hightech_demo_forecast_v2,Demand volatility forecast for Wafer Probe Exception Detector in Mid-Atlantic Customer Commitment Belt.,2026-05-05T16:30:00Z
201,34,Rocky Mountain Edge Systems Zone,2026-05-08,609,460,743,1.43,hightech_demo_forecast_v2,Demand volatility forecast for Wafer Probe Exception Detector in Rocky Mountain Edge Systems Zone.,2026-05-05T16:30:00Z
202,34,Central Plains Capacity Planning Region,2026-05-09,475,353,583,0.99,hightech_demo_forecast_v2,Demand volatility forecast for Wafer Probe Exception Detector in Central Plains Capacity Planning Region.,2026-05-05T16:30:00Z
203,34,Tennessee Valley Assembly Region,2026-05-10,652,514,855,1.17,hightech_demo_forecast_v2,Demand volatility forecast for Wafer Probe Exception Detector in Tennessee Valley Assembly Region.,2026-05-05T16:30:00Z
204,34,New England Warranty Analytics Corridor,2026-05-11,373,303,487,1.23,hightech_demo_forecast_v2,Demand volatility forecast for Wafer Probe Exception Detector in New England Warranty Analytics Corridor.,2026-05-05T16:30:00Z
205,35,Mid-Atlantic Customer Commitment Belt,2026-05-06,118,89,151,1.09,hightech_demo_forecast_v2,Demand volatility forecast for Firmware Release Governance Pack in Mid-Atlantic Customer Commitment Belt.,2026-05-05T16:30:00Z
206,35,Rocky Mountain Edge Systems Zone,2026-05-07,495,385,646,0.96,hightech_demo_forecast_v2,Demand volatility forecast for Firmware Release Governance Pack in Rocky Mountain Edge Systems Zone.,2026-05-05T16:30:00Z
207,35,Central Plains Capacity Planning Region,2026-05-08,323,263,404,1.35,hightech_demo_forecast_v2,Demand volatility forecast for Firmware Release Governance Pack in Central Plains Capacity Planning Region.,2026-05-05T16:30:00Z
208,35,Tennessee Valley Assembly Region,2026-05-09,450,338,553,1,hightech_demo_forecast_v2,Demand volatility forecast for Firmware Release Governance Pack in Tennessee Valley Assembly Region.,2026-05-05T16:30:00Z
209,35,New England Warranty Analytics Corridor,2026-05-10,177,139,228,1.2,hightech_demo_forecast_v2,Demand volatility forecast for Firmware Release Governance Pack in New England Warranty Analytics Corridor.,2026-05-05T16:30:00Z
210,35,Silicon Valley AI Systems Corridor,2026-05-11,466,352,599,0.97,hightech_demo_forecast_v2,Demand volatility forecast for Firmware Release Governance Pack in Silicon Valley AI Systems Corridor.,2026-05-05T16:30:00Z
211,36,Rocky Mountain Edge Systems Zone,2026-05-06,609,454,800,1.31,hightech_demo_forecast_v2,Demand volatility forecast for ECO Impact Simulation Service in Rocky Mountain Edge Systems Zone.,2026-05-05T16:30:00Z
212,36,Central Plains Capacity Planning Region,2026-05-07,407,308,488,1.34,hightech_demo_forecast_v2,Demand volatility forecast for ECO Impact Simulation Service in Central Plains Capacity Planning Region.,2026-05-05T16:30:00Z
213,36,Tennessee Valley Assembly Region,2026-05-08,179,135,232,1,hightech_demo_forecast_v2,Demand volatility forecast for ECO Impact Simulation Service in Tennessee Valley Assembly Region.,2026-05-05T16:30:00Z
214,36,New England Warranty Analytics Corridor,2026-05-09,371,289,474,1.44,hightech_demo_forecast_v2,Demand volatility forecast for ECO Impact Simulation Service in New England Warranty Analytics Corridor.,2026-05-05T16:30:00Z
215,36,Silicon Valley AI Systems Corridor,2026-05-10,610,476,781,1.06,hightech_demo_forecast_v2,Demand volatility forecast for ECO Impact Simulation Service in Silicon Valley AI Systems Corridor.,2026-05-05T16:30:00Z
216,36,Arizona Fab Operations Belt,2026-05-11,583,439,743,1.44,hightech_demo_forecast_v2,Demand volatility forecast for ECO Impact Simulation Service in Arizona Fab Operations Belt.,2026-05-05T16:30:00Z
217,37,Central Plains Capacity Planning Region,2026-05-06,572,459,748,0.89,hightech_demo_forecast_v2,Demand volatility forecast for Supplier Qualification Evidence Vault in Central Plains Capacity Planning Region.,2026-05-05T16:30:00Z
218,37,Tennessee Valley Assembly Region,2026-05-07,215,175,276,1.05,hightech_demo_forecast_v2,Demand volatility forecast for Supplier Qualification Evidence Vault in Tennessee Valley Assembly Region.,2026-05-05T16:30:00Z
219,37,New England Warranty Analytics Corridor,2026-05-08,551,427,680,1.24,hightech_demo_forecast_v2,Demand volatility forecast for Supplier Qualification Evidence Vault in New England Warranty Analytics Corridor.,2026-05-05T16:30:00Z
220,37,Silicon Valley AI Systems Corridor,2026-05-09,332,255,418,1.07,hightech_demo_forecast_v2,Demand volatility forecast for Supplier Qualification Evidence Vault in Silicon Valley AI Systems Corridor.,2026-05-05T16:30:00Z
221,37,Arizona Fab Operations Belt,2026-05-10,591,448,773,1.11,hightech_demo_forecast_v2,Demand volatility forecast for Supplier Qualification Evidence Vault in Arizona Fab Operations Belt.,2026-05-05T16:30:00Z
222,37,Texas Component Logistics Zone,2026-05-11,707,532,859,1.24,hightech_demo_forecast_v2,Demand volatility forecast for Supplier Qualification Evidence Vault in Texas Component Logistics Zone.,2026-05-05T16:30:00Z
223,38,Tennessee Valley Assembly Region,2026-05-06,275,210,350,1.39,hightech_demo_forecast_v2,Demand volatility forecast for Critical Component Reservation API in Tennessee Valley Assembly Region.,2026-05-05T16:30:00Z
224,38,New England Warranty Analytics Corridor,2026-05-07,350,285,438,0.97,hightech_demo_forecast_v2,Demand volatility forecast for Critical Component Reservation API in New England Warranty Analytics Corridor.,2026-05-05T16:30:00Z
225,38,Silicon Valley AI Systems Corridor,2026-05-08,389,309,510,1.3,hightech_demo_forecast_v2,Demand volatility forecast for Critical Component Reservation API in Silicon Valley AI Systems Corridor.,2026-05-05T16:30:00Z
226,38,Arizona Fab Operations Belt,2026-05-09,543,404,692,0.87,hightech_demo_forecast_v2,Demand volatility forecast for Critical Component Reservation API in Arizona Fab Operations Belt.,2026-05-05T16:30:00Z
227,38,Texas Component Logistics Zone,2026-05-10,469,350,556,1.02,hightech_demo_forecast_v2,Demand volatility forecast for Critical Component Reservation API in Texas Component Logistics Zone.,2026-05-05T16:30:00Z
228,38,Midwest Contract Manufacturing Cluster,2026-05-11,367,278,483,1.45,hightech_demo_forecast_v2,Demand volatility forecast for Critical Component Reservation API in Midwest Contract Manufacturing Cluster.,2026-05-05T16:30:00Z
229,39,New England Warranty Analytics Corridor,2026-05-06,565,431,732,1.1,hightech_demo_forecast_v2,Demand volatility forecast for Customer Commit Date Guardrail in New England Warranty Analytics Corridor.,2026-05-05T16:30:00Z
230,39,Silicon Valley AI Systems Corridor,2026-05-07,537,398,661,0.95,hightech_demo_forecast_v2,Demand volatility forecast for Customer Commit Date Guardrail in Silicon Valley AI Systems Corridor.,2026-05-05T16:30:00Z
231,39,Arizona Fab Operations Belt,2026-05-08,265,211,313,1.24,hightech_demo_forecast_v2,Demand volatility forecast for Customer Commit Date Guardrail in Arizona Fab Operations Belt.,2026-05-05T16:30:00Z
232,39,Texas Component Logistics Zone,2026-05-09,423,334,563,1.44,hightech_demo_forecast_v2,Demand volatility forecast for Customer Commit Date Guardrail in Texas Component Logistics Zone.,2026-05-05T16:30:00Z
233,39,Midwest Contract Manufacturing Cluster,2026-05-10,332,255,418,0.86,hightech_demo_forecast_v2,Demand volatility forecast for Customer Commit Date Guardrail in Midwest Contract Manufacturing Cluster.,2026-05-05T16:30:00Z
234,39,Northeast PLM Handoff Corridor,2026-05-11,663,515,824,1.43,hightech_demo_forecast_v2,Demand volatility forecast for Customer Commit Date Guardrail in Northeast PLM Handoff Corridor.,2026-05-05T16:30:00Z
235,40,Silicon Valley AI Systems Corridor,2026-05-06,544,427,649,1.05,hightech_demo_forecast_v2,Demand volatility forecast for Service Escalation Triage Pack in Silicon Valley AI Systems Corridor.,2026-05-05T16:30:00Z
236,40,Arizona Fab Operations Belt,2026-05-07,317,257,380,0.93,hightech_demo_forecast_v2,Demand volatility forecast for Service Escalation Triage Pack in Arizona Fab Operations Belt.,2026-05-05T16:30:00Z
237,40,Texas Component Logistics Zone,2026-05-08,415,326,536,1.32,hightech_demo_forecast_v2,Demand volatility forecast for Service Escalation Triage Pack in Texas Component Logistics Zone.,2026-05-05T16:30:00Z
238,40,Midwest Contract Manufacturing Cluster,2026-05-09,650,529,761,0.95,hightech_demo_forecast_v2,Demand volatility forecast for Service Escalation Triage Pack in Midwest Contract Manufacturing Cluster.,2026-05-05T16:30:00Z
239,40,Northeast PLM Handoff Corridor,2026-05-10,336,264,390,1.25,hightech_demo_forecast_v2,Demand volatility forecast for Service Escalation Triage Pack in Northeast PLM Handoff Corridor.,2026-05-05T16:30:00Z
240,40,Southeast Quality Response Region,2026-05-11,506,397,645,1.15,hightech_demo_forecast_v2,Demand volatility forecast for Service Escalation Triage Pack in Southeast Quality Response Region.,2026-05-05T16:30:00Z
241,41,Arizona Fab Operations Belt,2026-05-06,371,293,457,1.47,hightech_demo_forecast_v2,Demand volatility forecast for Warranty Analytics Data Mart in Arizona Fab Operations Belt.,2026-05-05T16:30:00Z
242,41,Texas Component Logistics Zone,2026-05-07,258,198,333,1.3,hightech_demo_forecast_v2,Demand volatility forecast for Warranty Analytics Data Mart in Texas Component Logistics Zone.,2026-05-05T16:30:00Z
243,41,Midwest Contract Manufacturing Cluster,2026-05-08,135,107,158,1.54,hightech_demo_forecast_v2,Demand volatility forecast for Warranty Analytics Data Mart in Midwest Contract Manufacturing Cluster.,2026-05-05T16:30:00Z
244,41,Northeast PLM Handoff Corridor,2026-05-09,396,300,502,1.18,hightech_demo_forecast_v2,Demand volatility forecast for Warranty Analytics Data Mart in Northeast PLM Handoff Corridor.,2026-05-05T16:30:00Z
245,41,Southeast Quality Response Region,2026-05-10,212,168,250,1.37,hightech_demo_forecast_v2,Demand volatility forecast for Warranty Analytics Data Mart in Southeast Quality Response Region.,2026-05-05T16:30:00Z
246,41,Pacific Connected Product Coast,2026-05-11,221,174,271,1.15,hightech_demo_forecast_v2,Demand volatility forecast for Warranty Analytics Data Mart in Pacific Connected Product Coast.,2026-05-05T16:30:00Z
247,42,Texas Component Logistics Zone,2026-05-06,694,548,928,1.4,hightech_demo_forecast_v2,Demand volatility forecast for Connected Device Health Twin in Texas Component Logistics Zone.,2026-05-05T16:30:00Z
248,42,Midwest Contract Manufacturing Cluster,2026-05-07,102,79,131,1.17,hightech_demo_forecast_v2,Demand volatility forecast for Connected Device Health Twin in Midwest Contract Manufacturing Cluster.,2026-05-05T16:30:00Z
249,42,Northeast PLM Handoff Corridor,2026-05-08,520,395,622,1.38,hightech_demo_forecast_v2,Demand volatility forecast for Connected Device Health Twin in Northeast PLM Handoff Corridor.,2026-05-05T16:30:00Z
250,42,Southeast Quality Response Region,2026-05-09,354,277,470,1.2,hightech_demo_forecast_v2,Demand volatility forecast for Connected Device Health Twin in Southeast Quality Response Region.,2026-05-05T16:30:00Z
251,42,Pacific Connected Product Coast,2026-05-10,687,509,875,0.96,hightech_demo_forecast_v2,Demand volatility forecast for Connected Device Health Twin in Pacific Connected Product Coast.,2026-05-05T16:30:00Z
252,42,Mountain Network Systems Region,2026-05-11,289,232,339,1.45,hightech_demo_forecast_v2,Demand volatility forecast for Connected Device Health Twin in Mountain Network Systems Region.,2026-05-05T16:30:00Z
253,43,Midwest Contract Manufacturing Cluster,2026-05-06,598,480,755,1.54,hightech_demo_forecast_v2,Demand volatility forecast for Factory Line Quality Camera in Midwest Contract Manufacturing Cluster.,2026-05-05T16:30:00Z
254,43,Northeast PLM Handoff Corridor,2026-05-07,393,307,494,1.14,hightech_demo_forecast_v2,Demand volatility forecast for Factory Line Quality Camera in Northeast PLM Handoff Corridor.,2026-05-05T16:30:00Z
255,43,Southeast Quality Response Region,2026-05-08,434,334,544,1.5,hightech_demo_forecast_v2,Demand volatility forecast for Factory Line Quality Camera in Southeast Quality Response Region.,2026-05-05T16:30:00Z
256,43,Pacific Connected Product Coast,2026-05-09,707,543,880,1.29,hightech_demo_forecast_v2,Demand volatility forecast for Factory Line Quality Camera in Pacific Connected Product Coast.,2026-05-05T16:30:00Z
257,43,Mountain Network Systems Region,2026-05-10,394,314,472,0.86,hightech_demo_forecast_v2,Demand volatility forecast for Factory Line Quality Camera in Mountain Network Systems Region.,2026-05-05T16:30:00Z
258,43,Carolinas Field Quality Zone,2026-05-11,189,143,249,1.52,hightech_demo_forecast_v2,Demand volatility forecast for Factory Line Quality Camera in Carolinas Field Quality Zone.,2026-05-05T16:30:00Z
259,44,Northeast PLM Handoff Corridor,2026-05-06,402,315,519,1.34,hightech_demo_forecast_v2,Demand volatility forecast for Contract Build Plan Optimizer in Northeast PLM Handoff Corridor.,2026-05-05T16:30:00Z
260,44,Southeast Quality Response Region,2026-05-07,626,472,761,1.05,hightech_demo_forecast_v2,Demand volatility forecast for Contract Build Plan Optimizer in Southeast Quality Response Region.,2026-05-05T16:30:00Z
261,44,Pacific Connected Product Coast,2026-05-08,669,535,795,1.11,hightech_demo_forecast_v2,Demand volatility forecast for Contract Build Plan Optimizer in Pacific Connected Product Coast.,2026-05-05T16:30:00Z
262,44,Mountain Network Systems Region,2026-05-09,684,512,823,1.52,hightech_demo_forecast_v2,Demand volatility forecast for Contract Build Plan Optimizer in Mountain Network Systems Region.,2026-05-05T16:30:00Z
263,44,Carolinas Field Quality Zone,2026-05-10,265,213,350,1.17,hightech_demo_forecast_v2,Demand volatility forecast for Contract Build Plan Optimizer in Carolinas Field Quality Zone.,2026-05-05T16:30:00Z
264,44,Florida Channel Inventory Region,2026-05-11,674,514,896,1.04,hightech_demo_forecast_v2,Demand volatility forecast for Contract Build Plan Optimizer in Florida Channel Inventory Region.,2026-05-05T16:30:00Z
265,45,Southeast Quality Response Region,2026-05-06,136,102,174,1.31,hightech_demo_forecast_v2,Demand volatility forecast for NPI Supplier Readiness Kit in Southeast Quality Response Region.,2026-05-05T16:30:00Z
266,45,Pacific Connected Product Coast,2026-05-07,536,401,678,1.37,hightech_demo_forecast_v2,Demand volatility forecast for NPI Supplier Readiness Kit in Pacific Connected Product Coast.,2026-05-05T16:30:00Z
267,45,Mountain Network Systems Region,2026-05-08,297,224,364,1.18,hightech_demo_forecast_v2,Demand volatility forecast for NPI Supplier Readiness Kit in Mountain Network Systems Region.,2026-05-05T16:30:00Z
268,45,Carolinas Field Quality Zone,2026-05-09,530,409,617,1.09,hightech_demo_forecast_v2,Demand volatility forecast for NPI Supplier Readiness Kit in Carolinas Field Quality Zone.,2026-05-05T16:30:00Z
269,45,Florida Channel Inventory Region,2026-05-10,485,369,623,1.26,hightech_demo_forecast_v2,Demand volatility forecast for NPI Supplier Readiness Kit in Florida Channel Inventory Region.,2026-05-05T16:30:00Z
270,45,New York Support Operations Metro,2026-05-11,384,291,488,0.86,hightech_demo_forecast_v2,Demand volatility forecast for NPI Supplier Readiness Kit in New York Support Operations Metro.,2026-05-05T16:30:00Z
271,46,Pacific Connected Product Coast,2026-05-06,629,506,832,0.91,hightech_demo_forecast_v2,Demand volatility forecast for Fab Operations Runbook Seat in Pacific Connected Product Coast.,2026-05-05T16:30:00Z
272,46,Mountain Network Systems Region,2026-05-07,705,574,821,1.14,hightech_demo_forecast_v2,Demand volatility forecast for Fab Operations Runbook Seat in Mountain Network Systems Region.,2026-05-05T16:30:00Z
273,46,Carolinas Field Quality Zone,2026-05-08,281,212,341,1.26,hightech_demo_forecast_v2,Demand volatility forecast for Fab Operations Runbook Seat in Carolinas Field Quality Zone.,2026-05-05T16:30:00Z
274,46,Florida Channel Inventory Region,2026-05-09,130,103,174,1.45,hightech_demo_forecast_v2,Demand volatility forecast for Fab Operations Runbook Seat in Florida Channel Inventory Region.,2026-05-05T16:30:00Z
275,46,New York Support Operations Metro,2026-05-10,521,405,632,1.18,hightech_demo_forecast_v2,Demand volatility forecast for Fab Operations Runbook Seat in New York Support Operations Metro.,2026-05-05T16:30:00Z
276,46,Southern California Electronics Port,2026-05-11,633,480,798,1.51,hightech_demo_forecast_v2,Demand volatility forecast for Fab Operations Runbook Seat in Southern California Electronics Port.,2026-05-05T16:30:00Z
277,47,Mountain Network Systems Region,2026-05-06,616,479,737,1.41,hightech_demo_forecast_v2,Demand volatility forecast for Yield Excursion Response Pack in Mountain Network Systems Region.,2026-05-05T16:30:00Z
278,47,Carolinas Field Quality Zone,2026-05-07,520,388,636,1,hightech_demo_forecast_v2,Demand volatility forecast for Yield Excursion Response Pack in Carolinas Field Quality Zone.,2026-05-05T16:30:00Z
279,47,Florida Channel Inventory Region,2026-05-08,209,157,257,1.23,hightech_demo_forecast_v2,Demand volatility forecast for Yield Excursion Response Pack in Florida Channel Inventory Region.,2026-05-05T16:30:00Z
280,47,New York Support Operations Metro,2026-05-09,485,380,572,1.32,hightech_demo_forecast_v2,Demand volatility forecast for Yield Excursion Response Pack in New York Support Operations Metro.,2026-05-05T16:30:00Z
281,47,Southern California Electronics Port,2026-05-10,753,616,968,1.3,hightech_demo_forecast_v2,Demand volatility forecast for Yield Excursion Response Pack in Southern California Electronics Port.,2026-05-05T16:30:00Z
282,47,Pacific Northwest Demand Volatility Zone,2026-05-11,366,295,485,1.3,hightech_demo_forecast_v2,Demand volatility forecast for Yield Excursion Response Pack in Pacific Northwest Demand Volatility Zone.,2026-05-05T16:30:00Z
283,48,Carolinas Field Quality Zone,2026-05-06,231,181,306,1.21,hightech_demo_forecast_v2,Demand volatility forecast for PLM Compliance Evidence Pack in Carolinas Field Quality Zone.,2026-05-05T16:30:00Z
284,48,Florida Channel Inventory Region,2026-05-07,557,435,706,0.91,hightech_demo_forecast_v2,Demand volatility forecast for PLM Compliance Evidence Pack in Florida Channel Inventory Region.,2026-05-05T16:30:00Z
285,48,New York Support Operations Metro,2026-05-08,491,398,589,0.92,hightech_demo_forecast_v2,Demand volatility forecast for PLM Compliance Evidence Pack in New York Support Operations Metro.,2026-05-05T16:30:00Z
286,48,Southern California Electronics Port,2026-05-09,655,516,826,1.2,hightech_demo_forecast_v2,Demand volatility forecast for PLM Compliance Evidence Pack in Southern California Electronics Port.,2026-05-05T16:30:00Z
287,48,Pacific Northwest Demand Volatility Zone,2026-05-10,137,102,183,1.45,hightech_demo_forecast_v2,Demand volatility forecast for PLM Compliance Evidence Pack in Pacific Northwest Demand Volatility Zone.,2026-05-05T16:30:00Z
288,48,Great Lakes Supplier Risk Zone,2026-05-11,192,150,256,0.91,hightech_demo_forecast_v2,Demand volatility forecast for PLM Compliance Evidence Pack in Great Lakes Supplier Risk Zone.,2026-05-05T16:30:00Z
289,49,Florida Channel Inventory Region,2026-05-06,189,141,223,1.07,hightech_demo_forecast_v2,Demand volatility forecast for Customer Promise Allocation API in Florida Channel Inventory Region.,2026-05-05T16:30:00Z
290,49,New York Support Operations Metro,2026-05-07,559,445,651,1.27,hightech_demo_forecast_v2,Demand volatility forecast for Customer Promise Allocation API in New York Support Operations Metro.,2026-05-05T16:30:00Z
291,49,Southern California Electronics Port,2026-05-08,332,268,400,1.18,hightech_demo_forecast_v2,Demand volatility forecast for Customer Promise Allocation API in Southern California Electronics Port.,2026-05-05T16:30:00Z
292,49,Pacific Northwest Demand Volatility Zone,2026-05-09,102,76,123,1.29,hightech_demo_forecast_v2,Demand volatility forecast for Customer Promise Allocation API in Pacific Northwest Demand Volatility Zone.,2026-05-05T16:30:00Z
293,49,Great Lakes Supplier Risk Zone,2026-05-10,583,446,719,1.22,hightech_demo_forecast_v2,Demand volatility forecast for Customer Promise Allocation API in Great Lakes Supplier Risk Zone.,2026-05-05T16:30:00Z
294,49,Gulf Coast Industrial IoT Region,2026-05-11,563,453,682,1.27,hightech_demo_forecast_v2,Demand volatility forecast for Customer Promise Allocation API in Gulf Coast Industrial IoT Region.,2026-05-05T16:30:00Z
295,50,New York Support Operations Metro,2026-05-06,354,277,462,1.24,hightech_demo_forecast_v2,Demand volatility forecast for Component Shortage Scenario Lab in New York Support Operations Metro.,2026-05-05T16:30:00Z
296,50,Southern California Electronics Port,2026-05-07,669,523,888,1.43,hightech_demo_forecast_v2,Demand volatility forecast for Component Shortage Scenario Lab in Southern California Electronics Port.,2026-05-05T16:30:00Z
297,50,Pacific Northwest Demand Volatility Zone,2026-05-08,186,151,240,1.44,hightech_demo_forecast_v2,Demand volatility forecast for Component Shortage Scenario Lab in Pacific Northwest Demand Volatility Zone.,2026-05-05T16:30:00Z
298,50,Great Lakes Supplier Risk Zone,2026-05-09,588,460,728,1.24,hightech_demo_forecast_v2,Demand volatility forecast for Component Shortage Scenario Lab in Great Lakes Supplier Risk Zone.,2026-05-05T16:30:00Z
299,50,Gulf Coast Industrial IoT Region,2026-05-10,366,273,482,1.47,hightech_demo_forecast_v2,Demand volatility forecast for Component Shortage Scenario Lab in Gulf Coast Industrial IoT Region.,2026-05-05T16:30:00Z
300,50,Mid-Atlantic Customer Commitment Belt,2026-05-11,515,408,622,1.21,hightech_demo_forecast_v2,Demand volatility forecast for Component Shortage Scenario Lab in Mid-Atlantic Customer Commitment Belt.,2026-05-05T16:30:00Z
301,51,Southern California Electronics Port,2026-05-06,102,78,121,0.91,hightech_demo_forecast_v2,Demand volatility forecast for Support Knowledge Graph Seat in Southern California Electronics Port.,2026-05-05T16:30:00Z
302,51,Pacific Northwest Demand Volatility Zone,2026-05-07,107,82,131,1.35,hightech_demo_forecast_v2,Demand volatility forecast for Support Knowledge Graph Seat in Pacific Northwest Demand Volatility Zone.,2026-05-05T16:30:00Z
303,51,Great Lakes Supplier Risk Zone,2026-05-08,628,483,742,1.53,hightech_demo_forecast_v2,Demand volatility forecast for Support Knowledge Graph Seat in Great Lakes Supplier Risk Zone.,2026-05-05T16:30:00Z
304,51,Gulf Coast Industrial IoT Region,2026-05-09,651,488,831,1.54,hightech_demo_forecast_v2,Demand volatility forecast for Support Knowledge Graph Seat in Gulf Coast Industrial IoT Region.,2026-05-05T16:30:00Z
305,51,Mid-Atlantic Customer Commitment Belt,2026-05-10,545,419,677,1.52,hightech_demo_forecast_v2,Demand volatility forecast for Support Knowledge Graph Seat in Mid-Atlantic Customer Commitment Belt.,2026-05-05T16:30:00Z
306,51,Rocky Mountain Edge Systems Zone,2026-05-11,347,270,462,1.4,hightech_demo_forecast_v2,Demand volatility forecast for Support Knowledge Graph Seat in Rocky Mountain Edge Systems Zone.,2026-05-05T16:30:00Z
307,52,Pacific Northwest Demand Volatility Zone,2026-05-06,440,358,546,1.12,hightech_demo_forecast_v2,Demand volatility forecast for Field Failure Pattern Detector in Pacific Northwest Demand Volatility Zone.,2026-05-05T16:30:00Z
308,52,Great Lakes Supplier Risk Zone,2026-05-07,250,191,291,1.26,hightech_demo_forecast_v2,Demand volatility forecast for Field Failure Pattern Detector in Great Lakes Supplier Risk Zone.,2026-05-05T16:30:00Z
309,52,Gulf Coast Industrial IoT Region,2026-05-08,178,135,236,1.12,hightech_demo_forecast_v2,Demand volatility forecast for Field Failure Pattern Detector in Gulf Coast Industrial IoT Region.,2026-05-05T16:30:00Z
310,52,Mid-Atlantic Customer Commitment Belt,2026-05-09,553,453,706,1.52,hightech_demo_forecast_v2,Demand volatility forecast for Field Failure Pattern Detector in Mid-Atlantic Customer Commitment Belt.,2026-05-05T16:30:00Z
311,52,Rocky Mountain Edge Systems Zone,2026-05-10,445,338,519,1.55,hightech_demo_forecast_v2,Demand volatility forecast for Field Failure Pattern Detector in Rocky Mountain Edge Systems Zone.,2026-05-05T16:30:00Z
312,52,Central Plains Capacity Planning Region,2026-05-11,527,414,658,1.19,hightech_demo_forecast_v2,Demand volatility forecast for Field Failure Pattern Detector in Central Plains Capacity Planning Region.,2026-05-05T16:30:00Z
313,53,Great Lakes Supplier Risk Zone,2026-05-06,550,419,661,1.09,hightech_demo_forecast_v2,Demand volatility forecast for Connected Product Telemetry Hub in Great Lakes Supplier Risk Zone.,2026-05-05T16:30:00Z
314,53,Gulf Coast Industrial IoT Region,2026-05-07,222,171,273,0.99,hightech_demo_forecast_v2,Demand volatility forecast for Connected Product Telemetry Hub in Gulf Coast Industrial IoT Region.,2026-05-05T16:30:00Z
315,53,Mid-Atlantic Customer Commitment Belt,2026-05-08,491,374,643,1.32,hightech_demo_forecast_v2,Demand volatility forecast for Connected Product Telemetry Hub in Mid-Atlantic Customer Commitment Belt.,2026-05-05T16:30:00Z
316,53,Rocky Mountain Edge Systems Zone,2026-05-09,338,274,395,0.85,hightech_demo_forecast_v2,Demand volatility forecast for Connected Product Telemetry Hub in Rocky Mountain Edge Systems Zone.,2026-05-05T16:30:00Z
317,53,Central Plains Capacity Planning Region,2026-05-10,495,372,595,1.29,hightech_demo_forecast_v2,Demand volatility forecast for Connected Product Telemetry Hub in Central Plains Capacity Planning Region.,2026-05-05T16:30:00Z
318,53,Tennessee Valley Assembly Region,2026-05-11,545,422,699,1.54,hightech_demo_forecast_v2,Demand volatility forecast for Connected Product Telemetry Hub in Tennessee Valley Assembly Region.,2026-05-05T16:30:00Z
319,54,Gulf Coast Industrial IoT Region,2026-05-06,582,473,682,1.32,hightech_demo_forecast_v2,Demand volatility forecast for Assembly Yield Correlator in Gulf Coast Industrial IoT Region.,2026-05-05T16:30:00Z
320,54,Mid-Atlantic Customer Commitment Belt,2026-05-07,595,465,743,1.31,hightech_demo_forecast_v2,Demand volatility forecast for Assembly Yield Correlator in Mid-Atlantic Customer Commitment Belt.,2026-05-05T16:30:00Z
321,54,Rocky Mountain Edge Systems Zone,2026-05-08,460,356,559,1.39,hightech_demo_forecast_v2,Demand volatility forecast for Assembly Yield Correlator in Rocky Mountain Edge Systems Zone.,2026-05-05T16:30:00Z
322,54,Central Plains Capacity Planning Region,2026-05-09,243,199,284,1.44,hightech_demo_forecast_v2,Demand volatility forecast for Assembly Yield Correlator in Central Plains Capacity Planning Region.,2026-05-05T16:30:00Z
323,54,Tennessee Valley Assembly Region,2026-05-10,286,222,341,1.44,hightech_demo_forecast_v2,Demand volatility forecast for Assembly Yield Correlator in Tennessee Valley Assembly Region.,2026-05-05T16:30:00Z
324,54,New England Warranty Analytics Corridor,2026-05-11,521,420,639,1.28,hightech_demo_forecast_v2,Demand volatility forecast for Assembly Yield Correlator in New England Warranty Analytics Corridor.,2026-05-05T16:30:00Z
325,55,Mid-Atlantic Customer Commitment Belt,2026-05-06,562,435,663,0.95,hightech_demo_forecast_v2,Demand volatility forecast for Supplier Risk Heatmap Service in Mid-Atlantic Customer Commitment Belt.,2026-05-05T16:30:00Z
326,55,Rocky Mountain Edge Systems Zone,2026-05-07,139,104,185,0.9,hightech_demo_forecast_v2,Demand volatility forecast for Supplier Risk Heatmap Service in Rocky Mountain Edge Systems Zone.,2026-05-05T16:30:00Z
327,55,Central Plains Capacity Planning Region,2026-05-08,369,276,477,1.2,hightech_demo_forecast_v2,Demand volatility forecast for Supplier Risk Heatmap Service in Central Plains Capacity Planning Region.,2026-05-05T16:30:00Z
328,55,Tennessee Valley Assembly Region,2026-05-09,419,340,515,1.09,hightech_demo_forecast_v2,Demand volatility forecast for Supplier Risk Heatmap Service in Tennessee Valley Assembly Region.,2026-05-05T16:30:00Z
329,55,New England Warranty Analytics Corridor,2026-05-10,488,364,633,1.44,hightech_demo_forecast_v2,Demand volatility forecast for Supplier Risk Heatmap Service in New England Warranty Analytics Corridor.,2026-05-05T16:30:00Z
330,55,Silicon Valley AI Systems Corridor,2026-05-11,402,311,525,1.1,hightech_demo_forecast_v2,Demand volatility forecast for Supplier Risk Heatmap Service in Silicon Valley AI Systems Corridor.,2026-05-05T16:30:00Z
331,56,Rocky Mountain Edge Systems Zone,2026-05-06,703,559,922,1.37,hightech_demo_forecast_v2,Demand volatility forecast for Order Promising Capacity Twin in Rocky Mountain Edge Systems Zone.,2026-05-05T16:30:00Z
332,56,Central Plains Capacity Planning Region,2026-05-07,344,274,460,1.37,hightech_demo_forecast_v2,Demand volatility forecast for Order Promising Capacity Twin in Central Plains Capacity Planning Region.,2026-05-05T16:30:00Z
333,56,Tennessee Valley Assembly Region,2026-05-08,493,395,631,1.2,hightech_demo_forecast_v2,Demand volatility forecast for Order Promising Capacity Twin in Tennessee Valley Assembly Region.,2026-05-05T16:30:00Z
334,56,New England Warranty Analytics Corridor,2026-05-09,445,349,536,0.97,hightech_demo_forecast_v2,Demand volatility forecast for Order Promising Capacity Twin in New England Warranty Analytics Corridor.,2026-05-05T16:30:00Z
335,56,Silicon Valley AI Systems Corridor,2026-05-10,350,286,443,1.26,hightech_demo_forecast_v2,Demand volatility forecast for Order Promising Capacity Twin in Silicon Valley AI Systems Corridor.,2026-05-05T16:30:00Z
336,56,Arizona Fab Operations Belt,2026-05-11,300,228,366,0.92,hightech_demo_forecast_v2,Demand volatility forecast for Order Promising Capacity Twin in Arizona Fab Operations Belt.,2026-05-05T16:30:00Z
337,57,Central Plains Capacity Planning Region,2026-05-06,245,195,297,0.9,hightech_demo_forecast_v2,Demand volatility forecast for Contract Manufacturing Audit Pack in Central Plains Capacity Planning Region.,2026-05-05T16:30:00Z
338,57,Tennessee Valley Assembly Region,2026-05-07,196,147,245,1.13,hightech_demo_forecast_v2,Demand volatility forecast for Contract Manufacturing Audit Pack in Tennessee Valley Assembly Region.,2026-05-05T16:30:00Z
339,57,New England Warranty Analytics Corridor,2026-05-08,327,267,423,1.32,hightech_demo_forecast_v2,Demand volatility forecast for Contract Manufacturing Audit Pack in New England Warranty Analytics Corridor.,2026-05-05T16:30:00Z
340,57,Silicon Valley AI Systems Corridor,2026-05-09,168,133,219,1.53,hightech_demo_forecast_v2,Demand volatility forecast for Contract Manufacturing Audit Pack in Silicon Valley AI Systems Corridor.,2026-05-05T16:30:00Z
341,57,Arizona Fab Operations Belt,2026-05-10,157,126,196,1.14,hightech_demo_forecast_v2,Demand volatility forecast for Contract Manufacturing Audit Pack in Arizona Fab Operations Belt.,2026-05-05T16:30:00Z
342,57,Texas Component Logistics Zone,2026-05-11,644,499,835,0.88,hightech_demo_forecast_v2,Demand volatility forecast for Contract Manufacturing Audit Pack in Texas Component Logistics Zone.,2026-05-05T16:30:00Z
343,58,Tennessee Valley Assembly Region,2026-05-06,609,453,745,0.97,hightech_demo_forecast_v2,Demand volatility forecast for Design Handoff Readiness Gate in Tennessee Valley Assembly Region.,2026-05-05T16:30:00Z
344,58,New England Warranty Analytics Corridor,2026-05-07,391,301,517,1.28,hightech_demo_forecast_v2,Demand volatility forecast for Design Handoff Readiness Gate in New England Warranty Analytics Corridor.,2026-05-05T16:30:00Z
345,58,Silicon Valley AI Systems Corridor,2026-05-08,446,337,549,0.96,hightech_demo_forecast_v2,Demand volatility forecast for Design Handoff Readiness Gate in Silicon Valley AI Systems Corridor.,2026-05-05T16:30:00Z
346,58,Arizona Fab Operations Belt,2026-05-09,166,133,195,1.25,hightech_demo_forecast_v2,Demand volatility forecast for Design Handoff Readiness Gate in Arizona Fab Operations Belt.,2026-05-05T16:30:00Z
347,58,Texas Component Logistics Zone,2026-05-10,281,212,329,1.06,hightech_demo_forecast_v2,Demand volatility forecast for Design Handoff Readiness Gate in Texas Component Logistics Zone.,2026-05-05T16:30:00Z
348,58,Midwest Contract Manufacturing Cluster,2026-05-11,118,90,150,1.19,hightech_demo_forecast_v2,Demand volatility forecast for Design Handoff Readiness Gate in Midwest Contract Manufacturing Cluster.,2026-05-05T16:30:00Z
349,59,New England Warranty Analytics Corridor,2026-05-06,141,106,179,1.29,hightech_demo_forecast_v2,Demand volatility forecast for Wafer Starts Commit Planner in New England Warranty Analytics Corridor.,2026-05-05T16:30:00Z
350,59,Silicon Valley AI Systems Corridor,2026-05-07,611,486,786,1.37,hightech_demo_forecast_v2,Demand volatility forecast for Wafer Starts Commit Planner in Silicon Valley AI Systems Corridor.,2026-05-05T16:30:00Z
351,59,Arizona Fab Operations Belt,2026-05-08,628,512,783,1.5,hightech_demo_forecast_v2,Demand volatility forecast for Wafer Starts Commit Planner in Arizona Fab Operations Belt.,2026-05-05T16:30:00Z
352,59,Texas Component Logistics Zone,2026-05-09,290,217,378,0.93,hightech_demo_forecast_v2,Demand volatility forecast for Wafer Starts Commit Planner in Texas Component Logistics Zone.,2026-05-05T16:30:00Z
353,59,Midwest Contract Manufacturing Cluster,2026-05-10,453,351,573,1.46,hightech_demo_forecast_v2,Demand volatility forecast for Wafer Starts Commit Planner in Midwest Contract Manufacturing Cluster.,2026-05-05T16:30:00Z
354,59,Northeast PLM Handoff Corridor,2026-05-11,535,405,685,1.49,hightech_demo_forecast_v2,Demand volatility forecast for Wafer Starts Commit Planner in Northeast PLM Handoff Corridor.,2026-05-05T16:30:00Z
355,60,Silicon Valley AI Systems Corridor,2026-05-06,298,243,360,1.25,hightech_demo_forecast_v2,Demand volatility forecast for Customer Support Operations Board in Silicon Valley AI Systems Corridor.,2026-05-05T16:30:00Z
356,60,Arizona Fab Operations Belt,2026-05-07,682,536,803,1.13,hightech_demo_forecast_v2,Demand volatility forecast for Customer Support Operations Board in Arizona Fab Operations Belt.,2026-05-05T16:30:00Z
357,60,Texas Component Logistics Zone,2026-05-08,521,404,653,1.5,hightech_demo_forecast_v2,Demand volatility forecast for Customer Support Operations Board in Texas Component Logistics Zone.,2026-05-05T16:30:00Z
358,60,Midwest Contract Manufacturing Cluster,2026-05-09,492,381,592,0.97,hightech_demo_forecast_v2,Demand volatility forecast for Customer Support Operations Board in Midwest Contract Manufacturing Cluster.,2026-05-05T16:30:00Z
359,60,Northeast PLM Handoff Corridor,2026-05-10,578,472,717,0.94,hightech_demo_forecast_v2,Demand volatility forecast for Customer Support Operations Board in Northeast PLM Handoff Corridor.,2026-05-05T16:30:00Z
360,60,Southeast Quality Response Region,2026-05-11,378,307,472,1.25,hightech_demo_forecast_v2,Demand volatility forecast for Customer Support Operations Board in Southeast Quality Response Region.,2026-05-05T16:30:00Z
